doc_id,datetime,text,media,alt_text,likes,reposts,replies,username,handle,user_description,user_image,user_followers,commented_post,sponsored,target,condition,sequence
1,21.06.25 06:00,Finally! Happy first day of summer #SummerSolstice,https://raw.githubusercontent.com/zzhzoe/Bubbles/main/summer.png,,564,347,13,TODAY,TODAYshow,Your day starts here. ,https://raw.githubusercontent.com/zzhzoe/Bubbles/main/today.png,3800000,0,0,,Indulgent,
2,21.06.25 06:00,Our inaugural West Palm Beach festival tickets go on-sale this Friday!,,,48,5,2,palmtreefestival,palmtreefest,"Palm Tree Music Festival by @palmtreecrew + @kygomusic
",https://raw.githubusercontent.com/zzhzoe/Bubbles/main/beach-prof2.png,761,0,0,,Indulgent,
3,21.06.25 06:00,"All you need to do to have a beach body is have a body, and go to the beach",,,2100,826,6,Burger King,BurgerKing,Burger King U.S. Official Account.,https://raw.githubusercontent.com/zzhzoe/Bubbles/main/burgerking.png,1900000,0,0,,Indulgent,3
4,21.06.25 06:00,Finally! Happy first day of summer #SummerSolstice,https://raw.githubusercontent.com/zzhzoe/Bubbles/main/summer.png,,564,347,13,TODAY,TODAYshow,Your day starts here. ,https://raw.githubusercontent.com/zzhzoe/Bubbles/main/today.png,3800000,0,0,,Healthy,
5,21.06.25 06:00,Our inaugural West Palm Beach festival tickets go on-sale this Friday!,,,48,5,2,palmtreefestival,palmtreefest,"Palm Tree Music Festival by @palmtreecrew + @kygomusic
",https://raw.githubusercontent.com/zzhzoe/Bubbles/main/beach-prof2.png,761,0,0,,Healthy,
6,21.06.25 06:00,"All you need to do to have a beach body is have a body, and go to the beach",,,2100,826,6,Special K,SpecialKUS,"With Kellogg's Special K, eating well is easy! Just do what's delicious. And dig into real fruits, nuts, and whole grains.",https://raw.githubusercontent.com/zzhzoe/Bubbles/main/specialk.png,174000,0,0,,Healthy,3
7,21.06.25 06:00,Finally! Happy first day of summer #SummerSolstice,https://raw.githubusercontent.com/zzhzoe/Bubbles/main/summer.png,,564,347,13,TODAY,TODAYshow,Your day starts here. ,https://raw.githubusercontent.com/zzhzoe/Bubbles/main/today.png,3800000,0,0,,Control,
8,21.06.25 06:00,Our inaugural West Palm Beach festival tickets go on-sale this Friday!,,,48,5,2,palmtreefestival,palmtreefest,"Palm Tree Music Festival by @palmtreecrew + @kygomusic
",https://raw.githubusercontent.com/zzhzoe/Bubbles/main/beach-prof2.png,761,0,0,,Control,
9,21.06.25 06:00,"All you need to do to have a beach body is have a body, and go to the beach",,,2100,826,6,Old Navy,OldNavy,here for all the ways you do #oldnavystyle  qs? @oncustserv or 1-800-OLD-NAVY,https://raw.githubusercontent.com/zzhzoe/Bubbles/main/oldnavy.png,294100,0,0,,Control,3